H,p,f,t,flag_rate_declared,rewrite_caught,closed_form_no_translation
3,0.50,0.00,0.00,0.376295,0.376295,0.375000
3,0.50,0.00,0.10,0.375490,0.375490,0.375000
3,0.50,0.00,0.25,0.375185,0.375185,0.375000
3,0.50,0.25,0.00,0.227630,0.227630,0.228516
3,0.50,0.25,0.10,0.226860,0.226860,0.228516
3,0.50,0.25,0.25,0.230505,0.230505,0.228516
3,0.50,0.50,0.00,0.109035,0.109035,0.109375
3,0.50,0.50,0.10,0.109580,0.109580,0.109375
3,0.50,0.50,0.25,0.109475,0.109475,0.109375
3,0.75,0.00,0.00,0.702725,0.702725,0.703125
3,0.75,0.00,0.10,0.703240,0.703240,0.703125
3,0.75,0.00,0.25,0.702040,0.702040,0.703125
3,0.75,0.25,0.00,0.454440,0.454440,0.454834
3,0.75,0.25,0.10,0.452485,0.452485,0.454834
3,0.75,0.25,0.25,0.455655,0.455655,0.454834
3,0.75,0.50,0.00,0.227920,0.227920,0.228516
3,0.75,0.50,0.10,0.228230,0.228230,0.228516
3,0.75,0.50,0.25,0.228885,0.228885,0.228516
3,1.00,0.00,0.00,1.000000,1.000000,1.000000
3,1.00,0.00,0.10,1.000000,1.000000,1.000000
3,1.00,0.00,0.25,1.000000,1.000000,1.000000
3,1.00,0.25,0.00,0.702210,0.702210,0.703125
3,1.00,0.25,0.10,0.703915,0.703915,0.703125
3,1.00,0.25,0.25,0.700765,0.700765,0.703125
3,1.00,0.50,0.00,0.374985,0.374985,0.375000
3,1.00,0.50,0.10,0.375910,0.375910,0.375000
3,1.00,0.50,0.25,0.374330,0.374330,0.375000
5,0.50,0.00,0.00,0.564305,0.564305,0.562500
5,0.50,0.00,0.10,0.573440,0.562910,0.562500
5,0.50,0.00,0.25,0.588440,0.562530,0.562500
5,0.50,0.25,0.00,0.389535,0.389535,0.389191
5,0.50,0.25,0.10,0.400145,0.389670,0.389191
5,0.50,0.25,0.25,0.412835,0.387345,0.389191
5,0.50,0.50,0.00,0.211240,0.211240,0.211914
5,0.50,0.50,0.10,0.220650,0.213175,0.211914
5,0.50,0.50,0.25,0.230855,0.212420,0.211914
5,0.75,0.00,0.00,0.834080,0.834080,0.834961
5,0.75,0.00,0.10,0.838615,0.833740,0.834961
5,0.75,0.00,0.25,0.847335,0.835665,0.834961
5,0.75,0.25,0.00,0.641365,0.641365,0.641387
5,0.75,0.25,0.10,0.650125,0.640295,0.641387
5,0.75,0.25,0.25,0.664560,0.640070,0.641387
5,0.75,0.50,0.00,0.389105,0.389105,0.389191
5,0.75,0.50,0.10,0.398870,0.388545,0.389191
5,0.75,0.50,0.25,0.412630,0.387610,0.389191
5,1.00,0.00,0.00,1.000000,1.000000,1.000000
5,1.00,0.00,0.10,1.000000,1.000000,1.000000
5,1.00,0.00,0.25,1.000000,1.000000,1.000000
5,1.00,0.25,0.00,0.834545,0.834545,0.834961
5,1.00,0.25,0.10,0.839645,0.834980,0.834961
5,1.00,0.25,0.25,0.847200,0.835205,0.834961
5,1.00,0.50,0.00,0.562330,0.562330,0.562500
5,1.00,0.50,0.10,0.575340,0.564670,0.562500
5,1.00,0.50,0.25,0.588290,0.562270,0.562500
8,0.50,0.00,0.00,0.720120,0.720120,0.720424
8,0.50,0.00,0.10,0.751220,0.719995,0.720424
8,0.50,0.00,0.25,0.792250,0.720625,0.720424
8,0.50,0.25,0.00,0.562260,0.562260,0.564832
8,0.50,0.25,0.10,0.603935,0.564835,0.564832
8,0.50,0.25,0.25,0.653195,0.565620,0.564832
8,0.50,0.50,0.00,0.357690,0.357690,0.357385
8,0.50,0.50,0.10,0.392055,0.357165,0.357385
8,0.50,0.50,0.25,0.433840,0.356275,0.357385
8,0.75,0.00,0.00,0.903925,0.903925,0.904783
8,0.75,0.00,0.10,0.913890,0.904655,0.904783
8,0.75,0.00,0.25,0.925750,0.904155,0.904783
8,0.75,0.25,0.00,0.779205,0.779205,0.779802
8,0.75,0.25,0.10,0.806895,0.780510,0.779802
8,0.75,0.25,0.25,0.838380,0.779030,0.779802
8,0.75,0.50,0.00,0.564645,0.564645,0.564832
8,0.75,0.50,0.10,0.602315,0.563875,0.564832
8,0.75,0.50,0.25,0.652135,0.564465,0.564832
8,1.00,0.00,0.00,1.000000,1.000000,1.000000
8,1.00,0.00,0.10,1.000000,1.000000,1.000000
8,1.00,0.00,0.25,1.000000,1.000000,1.000000
8,1.00,0.25,0.00,0.904920,0.904920,0.904783
8,1.00,0.25,0.10,0.914145,0.904570,0.904783
8,1.00,0.25,0.25,0.926245,0.904575,0.904783
8,1.00,0.50,0.00,0.721840,0.721840,0.720424
8,1.00,0.50,0.10,0.752100,0.720110,0.720424
8,1.00,0.50,0.25,0.792545,0.720700,0.720424
12,0.50,0.00,0.00,0.819090,0.819090,0.818515
12,0.50,0.00,0.10,0.867110,0.819400,0.818515
12,0.50,0.00,0.25,0.915140,0.819280,0.818515
12,0.50,0.25,0.00,0.702220,0.702220,0.702245
12,0.50,0.25,0.10,0.772605,0.703175,0.702245
12,0.50,0.25,0.25,0.845110,0.702620,0.702245
12,0.50,0.50,0.00,0.509210,0.509210,0.509259
12,0.50,0.50,0.10,0.589245,0.508875,0.509259
12,0.50,0.50,0.25,0.669500,0.509660,0.509259
12,0.75,0.00,0.00,0.939775,0.939775,0.939394
12,0.75,0.00,0.10,0.950785,0.939470,0.939394
12,0.75,0.00,0.25,0.964295,0.940070,0.939394
12,0.75,0.25,0.00,0.858055,0.858055,0.858651
12,0.75,0.25,0.10,0.895580,0.860275,0.858651
12,0.75,0.25,0.25,0.932660,0.857915,0.858651
12,0.75,0.50,0.00,0.701505,0.701505,0.702245
12,0.75,0.50,0.10,0.773140,0.703610,0.702245
12,0.75,0.50,0.25,0.842650,0.700740,0.702245
12,1.00,0.00,0.00,1.000000,1.000000,1.000000
12,1.00,0.00,0.10,1.000000,1.000000,1.000000
12,1.00,0.00,0.25,1.000000,1.000000,1.000000
12,1.00,0.25,0.00,0.939975,0.939975,0.939394
12,1.00,0.25,0.10,0.950665,0.939440,0.939394
12,1.00,0.25,0.25,0.963265,0.938910,0.939394
12,1.00,0.50,0.00,0.817090,0.817090,0.818515
12,1.00,0.50,0.10,0.866825,0.818970,0.818515
12,1.00,0.50,0.25,0.915065,0.818940,0.818515
