H,p,t,declared_exact,declared_mc,undeclared_exact,undeclared_mc,unknown_exact
3,0.25,0.05,0.002344,0.002315,0.010781,0.010880,0.843750
3,0.25,0.10,0.004687,0.004740,0.021250,0.020755,0.843750
3,0.25,0.25,0.011719,0.011940,0.050781,0.051140,0.843750
3,0.25,0.50,0.023438,0.023375,0.093750,0.094230,0.843750
3,0.50,0.05,0.006250,0.006210,0.036875,0.036910,0.500000
3,0.50,0.10,0.012500,0.012360,0.072500,0.072050,0.500000
3,0.50,0.25,0.031250,0.031015,0.171875,0.171650,0.500000
3,0.50,0.50,0.062500,0.062590,0.312500,0.311415,0.500000
3,0.75,0.05,0.007031,0.006970,0.068906,0.068340,0.156250
3,0.75,0.10,0.014062,0.013775,0.135000,0.135080,0.156250
3,0.75,0.25,0.035156,0.035150,0.316406,0.316195,0.156250
3,0.75,0.50,0.070312,0.069995,0.562500,0.563960,0.156250
3,0.90,0.05,0.004050,0.003910,0.087075,0.087140,0.028000
3,0.90,0.10,0.008100,0.007925,0.170100,0.169930,0.028000
3,0.90,0.25,0.020250,0.020220,0.394875,0.395525,0.028000
3,0.90,0.50,0.040500,0.039730,0.688500,0.689770,0.028000
3,1.00,0.05,0.000000,0.000000,0.097500,0.097935,0.000000
3,1.00,0.10,0.000000,0.000000,0.190000,0.189515,0.000000
3,1.00,0.25,0.000000,0.000000,0.437500,0.437780,0.000000
3,1.00,0.50,0.000000,0.000000,0.750000,0.751535,0.000000
5,0.25,0.05,0.017625,0.017565,0.040521,0.040905,0.632812
5,0.25,0.10,0.034479,0.034980,0.077486,0.077335,0.632812
5,0.25,0.25,0.080612,0.080215,0.169434,0.169685,0.632812
5,0.25,0.50,0.143921,0.142865,0.272461,0.270945,0.632812
5,0.50,0.05,0.035316,0.035225,0.106561,0.106180,0.187500
5,0.50,0.10,0.069406,0.070885,0.201850,0.201710,0.187500
5,0.50,0.25,0.164551,0.164925,0.428711,0.429470,0.187500
5,0.50,0.50,0.300781,0.302970,0.656250,0.655510,0.187500
5,0.75,0.05,0.029137,0.029070,0.156495,0.157105,0.015625
5,0.75,0.10,0.057665,0.056655,0.293217,0.290665,0.015625
5,0.75,0.25,0.139664,0.138830,0.602051,0.602325,0.015625
5,0.75,0.50,0.264771,0.265040,0.870117,0.870140,0.015625
5,0.90,0.05,0.013827,0.013690,0.175886,0.175710,0.000460
5,0.90,0.10,0.027525,0.027300,0.327402,0.326530,0.000460
5,0.90,0.25,0.067850,0.067920,0.658808,0.659870,0.000460
5,0.90,0.50,0.132536,0.133525,0.920970,0.920535,0.000460
5,1.00,0.05,0.000000,0.000000,0.185494,0.185580,0.000000
5,1.00,0.10,0.000000,0.000000,0.343900,0.344225,0.000000
5,1.00,0.25,0.000000,0.000000,0.683594,0.682330,0.000000
5,1.00,0.50,0.000000,0.000000,0.937500,0.937225,0.000000
8,0.25,0.05,0.066109,0.064740,0.113784,0.112415,0.367081
8,0.25,0.10,0.124814,0.124945,0.207485,0.208715,0.367081
8,0.25,0.25,0.263763,0.264420,0.399323,0.399955,0.367081
8,0.25,0.50,0.406303,0.405460,0.547539,0.546425,0.367081
8,0.50,0.05,0.097189,0.097280,0.224326,0.224210,0.035156
8,0.50,0.10,0.185351,0.186470,0.400149,0.399930,0.035156
8,0.50,0.25,0.402595,0.406120,0.723099,0.725545,0.035156
8,0.50,0.50,0.642517,0.642520,0.910156,0.909085,0.035156
8,0.75,0.05,0.064827,0.064740,0.276507,0.276360,0.000381
8,0.75,0.10,0.126070,0.124550,0.484221,0.482800,0.000381
8,0.75,0.25,0.289891,0.290610,0.831116,0.830835,0.000381
8,0.75,0.50,0.505283,0.505145,0.982658,0.983095,0.000381
8,0.90,0.05,0.028543,0.028105,0.293423,0.291945,0.000001
8,0.90,0.10,0.056403,0.056890,0.509671,0.509725,0.000001
8,0.90,0.25,0.136016,0.134845,0.856051,0.855560,0.000001
8,0.90,0.50,0.256235,0.256545,0.990112,0.990175,0.000001
8,1.00,0.05,0.000000,0.000000,0.301663,0.302970,0.000000
8,1.00,0.10,0.000000,0.000000,0.521703,0.523420,0.000000
8,1.00,0.25,0.000000,0.000000,0.866516,0.867375,0.000000
8,1.00,0.50,0.000000,0.000000,0.992188,0.992140,0.000000
12,0.25,0.05,0.159601,0.160270,0.237003,0.237045,0.158382
12,0.25,0.10,0.286507,0.285365,0.404793,0.403680,0.158382
12,0.25,0.25,0.530919,0.530360,0.667398,0.667210,0.158382
12,0.25,0.50,0.700702,0.701110,0.793982,0.793845,0.158382
12,0.50,0.05,0.182454,0.182365,0.366449,0.366660,0.003174
12,0.50,0.10,0.333272,0.334175,0.603299,0.603005,0.003174
12,0.50,0.25,0.643091,0.642680,0.906924,0.905675,0.003174
12,0.50,0.50,0.876957,0.876715,0.988770,0.988835,0.003174
12,0.75,0.05,0.110709,0.110710,0.410704,0.410725,0.000002
12,0.75,0.10,0.210228,0.209905,0.661586,0.662110,0.000002
12,0.75,0.25,0.451430,0.451590,0.946546,0.946425,0.000002
12,0.75,0.50,0.709960,0.708140,0.998903,0.998985,0.000002
12,0.90,0.05,0.047827,0.047770,0.424488,0.423765,0.000000
12,0.90,0.10,0.093584,0.093660,0.678295,0.677720,0.000000
12,0.90,0.25,0.219228,0.219395,0.954454,0.954000,0.000000
12,0.90,0.50,0.394198,0.393570,0.999382,0.999440,0.000000
12,1.00,0.05,0.000000,0.000000,0.431200,0.431285,0.000000
12,1.00,0.10,0.000000,0.000000,0.686189,0.687875,0.000000
12,1.00,0.25,0.000000,0.000000,0.957765,0.957880,0.000000
12,1.00,0.50,0.000000,0.000000,0.999512,0.999525,0.000000
