LA_E_2437956	A07
LA_E_1386121	A07
LA_E_1866015	A07
LA_E_5039291	A07
LA_E_1374468	A07
LA_E_1053928	A07
LA_E_4330523	A07
LA_E_6371103	A07
LA_E_6768755	A07
LA_E_9704402	A07
LA_E_3542334	A07
LA_E_8538131	A07
LA_E_6424712	A07
LA_E_3774216	A07
LA_E_6408013	A07
LA_E_3845384	A07
LA_E_6080555	A07
LA_E_7635308	A07
LA_E_3973719	A07
LA_E_2381317	A07
LA_E_6189119	A07
LA_E_5303855	A07
LA_E_5624178	A07
LA_E_6458304	A07
LA_E_3752776	A07
LA_E_6993437	A07
LA_E_7240629	A07
LA_E_5437735	A07
LA_E_6893718	A07
LA_E_2183271	A07
LA_E_6134187	A08
LA_E_9515870	A08
LA_E_2710897	A08
LA_E_3360074	A08
LA_E_9916534	A08
LA_E_5523338	A08
LA_E_9070208	A08
LA_E_9583515	A08
LA_E_9629881	A08
LA_E_1318256	A08
LA_E_9069603	A08
LA_E_3961600	A08
LA_E_3028880	A08
LA_E_7119095	A08
LA_E_9466094	A08
LA_E_3818553	A08
LA_E_7583257	A08
LA_E_1917898	A08
LA_E_9150916	A08
LA_E_5082451	A08
LA_E_7744534	A08
LA_E_2213108	A08
LA_E_9066458	A08
LA_E_6098284	A08
LA_E_6536307	A08
LA_E_5311155	A08
LA_E_9700982	A08
LA_E_9382316	A08
LA_E_1560131	A08
LA_E_2245252	A08
LA_E_4298763	A09
LA_E_1374283	A09
LA_E_6731482	A09
LA_E_9955730	A09
LA_E_9420133	A09
LA_E_3649769	A09
LA_E_6506702	A09
LA_E_1727132	A09
LA_E_2255003	A09
LA_E_9789349	A09
LA_E_3758985	A09
LA_E_5031019	A09
LA_E_2773525	A09
LA_E_7873900	A09
LA_E_3738420	A09
LA_E_4560821	A09
LA_E_2935054	A09
LA_E_5094187	A09
LA_E_3436959	A09
LA_E_4961141	A09
LA_E_4349882	A09
LA_E_7212477	A09
LA_E_2714690	A09
LA_E_8314794	A09
LA_E_7834152	A09
LA_E_9500282	A09
LA_E_9361678	A09
LA_E_3696142	A09
LA_E_5110907	A09
LA_E_5139901	A09
LA_E_2326699	A10
LA_E_9132357	A10
LA_E_4836909	A10
LA_E_2628655	A10
LA_E_7950437	A10
LA_E_7042477	A10
LA_E_3815666	A10
LA_E_8114169	A10
LA_E_3637308	A10
LA_E_9384121	A10
LA_E_5187292	A10
LA_E_9105978	A10
LA_E_8607964	A10
LA_E_7567923	A10
LA_E_5931126	A10
LA_E_6950591	A10
LA_E_1424208	A10
LA_E_3335278	A10
LA_E_2584600	A10
LA_E_3170324	A10
LA_E_1956106	A10
LA_E_5959947	A10
LA_E_4807061	A10
LA_E_3231034	A10
LA_E_3526865	A10
LA_E_6211863	A10
LA_E_4943067	A10
LA_E_4092557	A10
LA_E_6226724	A10
LA_E_6229499	A10
LA_E_3767919	A11
LA_E_8639644	A11
LA_E_1116500	A11
LA_E_9825745	A11
LA_E_9927880	A11
LA_E_8825450	A11
LA_E_9842402	A11
LA_E_2078084	A11
LA_E_2062942	A11
LA_E_5233498	A11
LA_E_9996113	A11
LA_E_3691439	A11
LA_E_7242657	A11
LA_E_3222873	A11
LA_E_9344947	A11
LA_E_1842866	A11
LA_E_8722303	A11
LA_E_7160923	A11
LA_E_3237772	A11
LA_E_9561862	A11
LA_E_1273737	A11
LA_E_2856239	A11
LA_E_2169237	A11
LA_E_3908072	A11
LA_E_1704546	A11
LA_E_6168660	A11
LA_E_3896153	A11
LA_E_4871807	A11
LA_E_7292568	A11
LA_E_6979906	A11
LA_E_1590986	A12
LA_E_7426622	A12
LA_E_8404531	A12
LA_E_7097675	A12
LA_E_4412803	A12
LA_E_7855089	A12
LA_E_3835438	A12
LA_E_2675419	A12
LA_E_6512423	A12
LA_E_7393497	A12
LA_E_1151659	A12
LA_E_8929297	A12
LA_E_5829806	A12
LA_E_5322963	A12
LA_E_1297552	A12
LA_E_4036576	A12
LA_E_2056344	A12
LA_E_5647105	A12
LA_E_4324177	A12
LA_E_4838459	A12
LA_E_5036723	A12
LA_E_1479111	A12
LA_E_4668908	A12
LA_E_7159190	A12
LA_E_2211090	A12
LA_E_4435198	A12
LA_E_4195316	A12
LA_E_3089749	A12
LA_E_3009892	A12
LA_E_8185260	A12
LA_E_6868448	A13
LA_E_7075991	A13
LA_E_5445850	A13
LA_E_4625895	A13
LA_E_3910014	A13
LA_E_6808554	A13
LA_E_3194525	A13
LA_E_9378717	A13
LA_E_5863468	A13
LA_E_3926124	A13
LA_E_6321155	A13
LA_E_9642897	A13
LA_E_3979446	A13
LA_E_1944899	A13
LA_E_3553418	A13
LA_E_8828329	A13
LA_E_8095004	A13
LA_E_7047542	A13
LA_E_4536241	A13
LA_E_2177192	A13
LA_E_6450054	A13
LA_E_1284909	A13
LA_E_6630256	A13
LA_E_7950273	A13
LA_E_6649772	A13
LA_E_6332776	A13
LA_E_9997458	A13
LA_E_1157896	A13
LA_E_4853554	A13
LA_E_6191312	A13
LA_E_4930070	A14
LA_E_5957272	A14
LA_E_9566991	A14
LA_E_8352851	A14
LA_E_4999345	A14
LA_E_1107497	A14
LA_E_5623796	A14
LA_E_1484127	A14
LA_E_8121867	A14
LA_E_7267613	A14
LA_E_7626629	A14
LA_E_1496036	A14
LA_E_6322529	A14
LA_E_7437185	A14
LA_E_6865648	A14
LA_E_2502734	A14
LA_E_7640698	A14
LA_E_7427754	A14
LA_E_6392006	A14
LA_E_6106739	A14
LA_E_3425741	A14
LA_E_1557386	A14
LA_E_6436757	A14
LA_E_9041922	A14
LA_E_8345176	A14
LA_E_5722750	A14
LA_E_2971329	A14
LA_E_1044544	A14
LA_E_1984802	A14
LA_E_5365576	A14
LA_E_9825453	A15
LA_E_5316231	A15
LA_E_9398321	A15
LA_E_2643410	A15
LA_E_9752334	A15
LA_E_9950655	A15
LA_E_2941948	A15
LA_E_7697112	A15
LA_E_7256664	A15
LA_E_6565768	A15
LA_E_2966638	A15
LA_E_3691208	A15
LA_E_3436243	A15
LA_E_2242596	A15
LA_E_2588726	A15
LA_E_9395969	A15
LA_E_5870967	A15
LA_E_8643151	A15
LA_E_8873279	A15
LA_E_7206300	A15
LA_E_4043530	A15
LA_E_3099096	A15
LA_E_3985380	A15
LA_E_2514895	A15
LA_E_3397149	A15
LA_E_5899716	A15
LA_E_6936825	A15
LA_E_7931504	A15
LA_E_7711962	A15
LA_E_1243400	A15
LA_E_3720796	A16
LA_E_7368652	A16
LA_E_5380791	A16
LA_E_2871920	A16
LA_E_6490001	A16
LA_E_3972168	A16
LA_E_2078691	A16
LA_E_8869653	A16
LA_E_5522956	A16
LA_E_7711170	A16
LA_E_4678226	A16
LA_E_2055590	A16
LA_E_4672227	A16
LA_E_4316901	A16
LA_E_8929048	A16
LA_E_8175513	A16
LA_E_7572086	A16
LA_E_5178678	A16
LA_E_5183658	A16
LA_E_8488223	A16
LA_E_9821038	A16
LA_E_4451698	A16
LA_E_9799870	A16
LA_E_8747067	A16
LA_E_4800407	A16
LA_E_5869599	A16
LA_E_1011677	A16
LA_E_5332266	A16
LA_E_8180621	A16
LA_E_8043725	A16
LA_E_2726096	A17
LA_E_9456502	A17
LA_E_6297752	A17
LA_E_1567630	A17
LA_E_2032553	A17
LA_E_1340105	A17
LA_E_6891581	A17
LA_E_4356606	A17
LA_E_8383683	A17
LA_E_9377079	A17
LA_E_7836960	A17
LA_E_4196875	A17
LA_E_7404234	A17
LA_E_8815906	A17
LA_E_7188212	A17
LA_E_2897344	A17
LA_E_6557594	A17
LA_E_9379818	A17
LA_E_6456149	A17
LA_E_3002235	A17
LA_E_2048619	A17
LA_E_9852226	A17
LA_E_3054868	A17
LA_E_3207223	A17
LA_E_8863699	A17
LA_E_3203410	A17
LA_E_4243041	A17
LA_E_5243080	A17
LA_E_2023719	A17
LA_E_3423186	A17
LA_E_6418849	A18
LA_E_4299520	A18
LA_E_8865287	A18
LA_E_6096971	A18
LA_E_9532024	A18
LA_E_8765941	A18
LA_E_5142659	A18
LA_E_2434991	A18
LA_E_4409757	A18
LA_E_2883482	A18
LA_E_4415745	A18
LA_E_9055038	A18
LA_E_5292066	A18
LA_E_3559207	A18
LA_E_4975995	A18
LA_E_7938211	A18
LA_E_7263303	A18
LA_E_6359656	A18
LA_E_4918166	A18
LA_E_2905728	A18
LA_E_8986016	A18
LA_E_9890147	A18
LA_E_5820717	A18
LA_E_7253816	A18
LA_E_2155699	A18
LA_E_4430904	A18
LA_E_1333631	A18
LA_E_8453379	A18
LA_E_1555740	A18
LA_E_4200439	A18
LA_E_7864858	A19
LA_E_6904999	A19
LA_E_1465825	A19
LA_E_1056953	A19
LA_E_7276994	A19
LA_E_3005688	A19
LA_E_8953982	A19
LA_E_2471595	A19
LA_E_2878849	A19
LA_E_1145066	A19
LA_E_1080138	A19
LA_E_9921102	A19
LA_E_6453315	A19
LA_E_6852982	A19
LA_E_4956857	A19
LA_E_2412507	A19
LA_E_3782133	A19
LA_E_2105484	A19
LA_E_4610093	A19
LA_E_8988316	A19
LA_E_9867415	A19
LA_E_2020165	A19
LA_E_4611178	A19
LA_E_4312727	A19
LA_E_3872531	A19
LA_E_5555321	A19
LA_E_5887376	A19
LA_E_2179893	A19
LA_E_6541629	A19
LA_E_6404468	A19
