codec,attack,splice_length_s,test_calls,mean_whole_call_ber,detection_rate,ci95_lo,ci95_hi
g711u,full_natural,full,60,0.6104,1.0,0.93983,1.0
g711u,full_synthetic,full,60,0.64916,1.0,0.93983,1.0
g711u,pause_inject_natural,3.0,60,0.12907,1.0,0.93983,1.0
g711u,pause_inject_synthetic,3.0,60,0.13412,1.0,0.93983,1.0
g711u,splice_natural,0.5,60,0.08018,0.06667,0.02623,0.15926
g711u,splice_natural,1.0,60,0.08979,0.55,0.42492,0.66907
g711u,splice_natural,2.0,60,0.10262,0.98333,0.91145,0.99705
g711u,splice_natural,3.0,60,0.11374,1.0,0.93983,1.0
g711u,splice_natural,5.0,60,0.14419,1.0,0.93983,1.0
g711u,splice_synthetic,0.5,60,0.08111,0.1,0.04664,0.2015
g711u,splice_synthetic,1.0,60,0.08897,0.41667,0.30064,0.54272
g711u,splice_synthetic,2.0,60,0.1056,1.0,0.93983,1.0
g711u,splice_synthetic,3.0,60,0.11851,1.0,0.93983,1.0
g711u,splice_synthetic,5.0,60,0.14743,1.0,0.93983,1.0
g711a,full_natural,full,60,0.6101,1.0,0.93983,1.0
g711a,full_synthetic,full,60,0.64886,1.0,0.93983,1.0
g711a,pause_inject_natural,3.0,60,0.12957,0.98333,0.91145,0.99705
g711a,pause_inject_synthetic,3.0,60,0.13534,1.0,0.93983,1.0
g711a,splice_natural,0.5,60,0.08007,0.15,0.08097,0.26115
g711a,splice_natural,1.0,60,0.08761,0.35,0.24168,0.47638
g711a,splice_natural,2.0,60,0.10191,1.0,0.93983,1.0
g711a,splice_natural,3.0,60,0.11453,1.0,0.93983,1.0
g711a,splice_natural,5.0,60,0.13997,1.0,0.93983,1.0
g711a,splice_synthetic,0.5,60,0.0811,0.18333,0.10558,0.2992
g711a,splice_synthetic,1.0,60,0.08829,0.4,0.28569,0.52634
g711a,splice_synthetic,2.0,60,0.10326,1.0,0.93983,1.0
g711a,splice_synthetic,3.0,60,0.11856,1.0,0.93983,1.0
g711a,splice_synthetic,5.0,60,0.14622,1.0,0.93983,1.0
opus16,full_natural,full,60,0.61999,1.0,0.93983,1.0
opus16,full_synthetic,full,60,0.6505,1.0,0.93983,1.0
opus16,pause_inject_natural,3.0,60,0.21738,1.0,0.93983,1.0
opus16,pause_inject_synthetic,3.0,60,0.22222,1.0,0.93983,1.0
opus16,splice_natural,0.5,60,0.17091,0.15,0.08097,0.26115
opus16,splice_natural,1.0,60,0.17711,0.51667,0.39308,0.63825
opus16,splice_natural,2.0,60,0.19183,0.98333,0.91145,0.99705
opus16,splice_natural,3.0,60,0.20348,1.0,0.93983,1.0
opus16,splice_natural,5.0,60,0.22102,1.0,0.93983,1.0
opus16,splice_synthetic,0.5,60,0.17077,0.16667,0.09313,0.28032
opus16,splice_synthetic,1.0,60,0.17662,0.55,0.42492,0.66907
opus16,splice_synthetic,2.0,60,0.19143,1.0,0.93983,1.0
opus16,splice_synthetic,3.0,60,0.20242,1.0,0.93983,1.0
opus16,splice_synthetic,5.0,60,0.22672,1.0,0.93983,1.0
amr122,full_natural,full,60,0.62006,1.0,0.93983,1.0
amr122,full_synthetic,full,60,0.65008,1.0,0.93983,1.0
amr122,pause_inject_natural,3.0,60,0.30642,1.0,0.93983,1.0
amr122,pause_inject_synthetic,3.0,60,0.30892,1.0,0.93983,1.0
amr122,splice_natural,0.5,60,0.26351,0.25,0.15776,0.37232
amr122,splice_natural,1.0,60,0.26938,0.65,0.52362,0.75832
amr122,splice_natural,2.0,60,0.27596,1.0,0.93983,1.0
amr122,splice_natural,3.0,60,0.28597,1.0,0.93983,1.0
amr122,splice_natural,5.0,60,0.3098,1.0,0.93983,1.0
amr122,splice_synthetic,0.5,60,0.26374,0.21667,0.13123,0.3362
amr122,splice_synthetic,1.0,60,0.27049,0.66667,0.54057,0.77271
amr122,splice_synthetic,2.0,60,0.27944,1.0,0.93983,1.0
amr122,splice_synthetic,3.0,60,0.29029,1.0,0.93983,1.0
amr122,splice_synthetic,5.0,60,0.31075,1.0,0.93983,1.0
amr475,full_natural,full,60,0.62141,1.0,0.93983,1.0
amr475,full_synthetic,full,60,0.64748,1.0,0.93983,1.0
amr475,pause_inject_natural,3.0,60,0.39466,1.0,0.93983,1.0
amr475,pause_inject_synthetic,3.0,60,0.39729,1.0,0.93983,1.0
amr475,splice_natural,0.5,60,0.35673,0.46667,0.34628,0.59107
amr475,splice_natural,1.0,60,0.36117,0.83333,0.71968,0.90687
amr475,splice_natural,2.0,60,0.36975,1.0,0.93983,1.0
amr475,splice_natural,3.0,60,0.37525,1.0,0.93983,1.0
amr475,splice_natural,5.0,60,0.39095,1.0,0.93983,1.0
amr475,splice_synthetic,0.5,60,0.35697,0.43333,0.31572,0.55897
amr475,splice_synthetic,1.0,60,0.36119,0.83333,0.71968,0.90687
amr475,splice_synthetic,2.0,60,0.36913,1.0,0.93983,1.0
amr475,splice_synthetic,3.0,60,0.3772,1.0,0.93983,1.0
amr475,splice_synthetic,5.0,60,0.39014,1.0,0.93983,1.0
amr122_g711u,full_natural,full,60,0.61885,1.0,0.93983,1.0
amr122_g711u,full_synthetic,full,60,0.64876,1.0,0.93983,1.0
amr122_g711u,pause_inject_natural,3.0,60,0.30902,1.0,0.93983,1.0
amr122_g711u,pause_inject_synthetic,3.0,60,0.31305,1.0,0.93983,1.0
amr122_g711u,splice_natural,0.5,60,0.26817,0.25,0.15776,0.37232
amr122_g711u,splice_natural,1.0,60,0.27269,0.51667,0.39308,0.63825
amr122_g711u,splice_natural,2.0,60,0.28318,1.0,0.93983,1.0
amr122_g711u,splice_natural,3.0,60,0.29344,1.0,0.93983,1.0
amr122_g711u,splice_natural,5.0,60,0.31159,1.0,0.93983,1.0
amr122_g711u,splice_synthetic,0.5,60,0.26882,0.2,0.11828,0.31782
amr122_g711u,splice_synthetic,1.0,60,0.27336,0.7,0.57491,0.80102
amr122_g711u,splice_synthetic,2.0,60,0.28393,1.0,0.93983,1.0
amr122_g711u,splice_synthetic,3.0,60,0.29298,1.0,0.93983,1.0
amr122_g711u,splice_synthetic,5.0,60,0.3145,1.0,0.93983,1.0
