codec,noise,loss,test_calls,mean_whole_call_ber,median_window_ber,p99_window_ber,call_false_flag_rate,ci95_lo,ci95_hi,per_window_false_flag_rate,calls_unknown
g711u,clean,0.0,60,0.06471,0.05917,0.1366,0.0,0.0,0.06017,0.0,0
g711u,clean,0.01,60,0.07287,0.0678,0.14409,0.0,0.0,0.06017,0.0,0
g711u,clean,0.05,60,0.10595,0.10417,0.18596,0.0,0.0,0.06017,0.0,0
g711u,white20,0.0,60,0.02824,0.02744,0.05417,0.0,0.0,0.06017,0.0,0
g711u,white20,0.01,60,0.03814,0.03594,0.08138,0.0,0.0,0.06017,0.0,0
g711u,white20,0.05,60,0.07321,0.07127,0.14849,0.0,0.0,0.06017,0.0,0
g711u,babble10,0.0,60,0.04181,0.0403,0.08646,0.0,0.0,0.06017,0.0,0
g711u,babble10,0.01,60,0.05028,0.04861,0.10295,0.0,0.0,0.06017,0.0,0
g711u,babble10,0.05,60,0.08384,0.08262,0.15156,0.0,0.0,0.06017,0.0,0
g711a,clean,0.0,60,0.06371,0.05928,0.13045,0.0,0.0,0.06017,0.0,0
g711a,clean,0.01,60,0.07163,0.06759,0.14397,0.0,0.0,0.06017,0.0,0
g711a,clean,0.05,60,0.10448,0.10268,0.18284,0.0,0.0,0.06017,0.0,0
g711a,white20,0.0,60,0.02706,0.02632,0.05128,0.0,0.0,0.06017,0.0,0
g711a,white20,0.01,60,0.03608,0.03397,0.087,0.0,0.0,0.06017,0.0,0
g711a,white20,0.05,60,0.07113,0.06944,0.14956,0.01667,0.00295,0.08855,0.000223,0
g711a,babble10,0.0,60,0.04018,0.03846,0.0836,0.0,0.0,0.06017,0.0,0
g711a,babble10,0.01,60,0.04917,0.04755,0.09913,0.0,0.0,0.06017,0.0,0
g711a,babble10,0.05,60,0.08286,0.0819,0.15039,0.0,0.0,0.06017,0.0,0
opus16,clean,0.0,60,0.15781,0.15521,0.28056,0.03333,0.00919,0.11364,0.001709,0
opus16,clean,0.01,60,0.16393,0.16086,0.29136,0.03333,0.00919,0.11364,0.001943,0
opus16,clean,0.05,60,0.18843,0.18548,0.31544,0.03333,0.00919,0.11364,0.002642,0
opus16,white20,0.0,60,0.15527,0.15566,0.20067,0.0,0.0,0.06017,0.0,0
opus16,white20,0.01,60,0.16125,0.16106,0.21199,0.0,0.0,0.06017,0.0,0
opus16,white20,0.05,60,0.18527,0.18505,0.2465,0.0,0.0,0.06017,0.0,0
opus16,babble10,0.0,60,0.16097,0.1582,0.2746,0.05,0.01715,0.13701,0.00307,0
opus16,babble10,0.01,60,0.16656,0.16371,0.27944,0.05,0.01715,0.13701,0.003198,0
opus16,babble10,0.05,60,0.19007,0.1875,0.29635,0.05,0.01715,0.13701,0.00339,0
amr122,clean,0.0,60,0.25374,0.25156,0.35212,0.05,0.01715,0.13701,0.002795,0
amr122,clean,0.01,60,0.25788,0.25616,0.35873,0.05,0.01715,0.13701,0.002873,0
amr122,clean,0.05,60,0.27484,0.27289,0.38513,0.05,0.01715,0.13701,0.003647,0
amr122,white20,0.0,60,0.24943,0.25095,0.32473,0.0,0.0,0.06017,0.0,0
amr122,white20,0.01,60,0.25322,0.25472,0.32975,0.0,0.0,0.06017,0.0,0
amr122,white20,0.05,60,0.26965,0.27206,0.34898,0.0,0.0,0.06017,0.0,0
amr122,babble10,0.0,60,0.24902,0.24667,0.35688,0.06667,0.02623,0.15926,0.004988,0
amr122,babble10,0.01,60,0.253,0.25081,0.36268,0.08333,0.03612,0.18069,0.00518,0
amr122,babble10,0.05,60,0.26937,0.2673,0.374,0.05,0.01715,0.13701,0.005436,0
amr475,clean,0.0,60,0.34986,0.35033,0.44403,0.11667,0.05768,0.22179,0.007905,0
amr475,clean,0.01,60,0.35218,0.3525,0.44699,0.11667,0.05768,0.22179,0.008679,0
amr475,clean,0.05,60,0.36234,0.36285,0.45426,0.13333,0.06914,0.24165,0.009841,0
amr475,white20,0.0,60,0.34475,0.34638,0.42801,0.05,0.01715,0.13701,0.002217,0
amr475,white20,0.01,60,0.34718,0.34909,0.43134,0.05,0.01715,0.13701,0.002881,0
amr475,white20,0.05,60,0.35723,0.35904,0.43901,0.06667,0.02623,0.15926,0.003656,0
amr475,babble10,0.0,60,0.34997,0.34826,0.49342,0.11667,0.05768,0.22179,0.013071,0
amr475,babble10,0.01,60,0.35218,0.35037,0.49562,0.11667,0.05768,0.22179,0.013388,0
amr475,babble10,0.05,60,0.36155,0.35978,0.51178,0.13333,0.06914,0.24165,0.016061,0
amr122_g711u,clean,0.0,60,0.25828,0.25625,0.35518,0.05,0.01715,0.13701,0.002951,0
amr122_g711u,clean,0.01,60,0.26255,0.26122,0.35682,0.05,0.01715,0.13701,0.003106,0
amr122_g711u,clean,0.05,60,0.27975,0.27834,0.37842,0.06667,0.02623,0.15926,0.003882,0
amr122_g711u,white20,0.0,60,0.25076,0.25149,0.32553,0.0,0.0,0.06017,0.0,0
amr122_g711u,white20,0.01,60,0.25529,0.2561,0.3307,0.0,0.0,0.06017,0.0,0
amr122_g711u,white20,0.05,60,0.27157,0.27371,0.34783,0.0,0.0,0.06017,0.0,0
amr122_g711u,babble10,0.0,60,0.25141,0.24916,0.3556,0.06667,0.02623,0.15926,0.00499,0
amr122_g711u,babble10,0.01,60,0.25548,0.25321,0.35896,0.06667,0.02623,0.15926,0.005182,0
amr122_g711u,babble10,0.05,60,0.27166,0.26964,0.36515,0.08333,0.03612,0.18069,0.005631,0
