H,p,f,colluder_strategy,caught_fail,missed_pass,missed_unknown
3,0.25,0.00,silent,0.109350,0.047075,0.843575
3,0.25,0.00,rational,0.109350,0.047075,0.843575
3,0.25,0.25,silent,0.063775,0.028820,0.907405
3,0.25,0.25,rational,0.063775,0.245990,0.690235
3,0.25,0.50,silent,0.029305,0.013915,0.956780
3,0.25,0.50,rational,0.029305,0.535240,0.435455
3,0.25,0.75,silent,0.007655,0.003575,0.988770
3,0.25,0.75,rational,0.007655,0.819355,0.172990
3,0.25,1.00,silent,0.000000,0.000000,1.000000
3,0.25,1.00,rational,0.000000,1.000000,0.000000
3,0.50,0.00,silent,0.375580,0.124000,0.500420
3,0.50,0.00,rational,0.375580,0.124000,0.500420
3,0.50,0.25,silent,0.229615,0.089200,0.681185
3,0.50,0.25,rational,0.229615,0.313930,0.456455
3,0.50,0.50,silent,0.108060,0.048085,0.843855
3,0.50,0.50,rational,0.108060,0.547735,0.344205
3,0.50,0.75,silent,0.029155,0.014110,0.956735
3,0.50,0.75,rational,0.029155,0.787505,0.183340
3,0.50,1.00,silent,0.000000,0.000000,1.000000
3,0.50,1.00,rational,0.000000,1.000000,0.000000
3,0.75,0.00,silent,0.702670,0.141360,0.155970
3,0.75,0.00,rational,0.702670,0.141360,0.155970
3,0.75,0.25,silent,0.456240,0.137355,0.406405
3,0.75,0.25,rational,0.456240,0.319560,0.224200
3,0.75,0.50,silent,0.229000,0.087890,0.683110
3,0.75,0.50,rational,0.229000,0.518100,0.252900
3,0.75,0.75,silent,0.063660,0.028475,0.907865
3,0.75,0.75,rational,0.063660,0.740325,0.196015
3,0.75,1.00,silent,0.000000,0.000000,1.000000
3,0.75,1.00,rational,0.000000,1.000000,0.000000
3,1.00,0.00,silent,1.000000,0.000000,0.000000
3,1.00,0.00,rational,1.000000,0.000000,0.000000
3,1.00,0.25,silent,0.703075,0.140690,0.156235
3,1.00,0.25,rational,0.703075,0.226300,0.070625
3,1.00,0.50,silent,0.374690,0.124970,0.500340
3,1.00,0.50,rational,0.374690,0.438165,0.187145
3,1.00,0.75,silent,0.110215,0.046160,0.843625
3,1.00,0.75,rational,0.110215,0.679010,0.210775
3,1.00,1.00,silent,0.000000,0.000000,1.000000
3,1.00,1.00,rational,0.000000,1.000000,0.000000
5,0.25,0.00,silent,0.211770,0.156430,0.631800
5,0.25,0.00,rational,0.211770,0.156430,0.631800
5,0.25,0.25,silent,0.130710,0.106120,0.763170
5,0.25,0.25,rational,0.130710,0.434755,0.434535
5,0.25,0.50,silent,0.064730,0.055195,0.880075
5,0.25,0.50,rational,0.064730,0.688315,0.246955
5,0.25,0.75,silent,0.017660,0.016580,0.965760
5,0.25,0.75,rational,0.017660,0.857400,0.124940
5,0.25,1.00,silent,0.000000,0.000000,1.000000
5,0.25,1.00,rational,0.000000,1.000000,0.000000
5,0.50,0.00,silent,0.565135,0.249785,0.185080
5,0.50,0.00,rational,0.565135,0.249785,0.185080
5,0.50,0.25,silent,0.387150,0.230330,0.382520
5,0.50,0.25,rational,0.387150,0.418390,0.194460
5,0.50,0.50,silent,0.211005,0.154360,0.634635
5,0.50,0.50,rational,0.211005,0.576405,0.212590
5,0.50,0.75,silent,0.063805,0.056715,0.879480
5,0.50,0.75,rational,0.063805,0.752125,0.184070
5,0.50,1.00,silent,0.000000,0.000000,1.000000
5,0.50,1.00,rational,0.000000,1.000000,0.000000
5,0.75,0.00,silent,0.835065,0.149850,0.015085
5,0.75,0.00,rational,0.835065,0.149850,0.015085
5,0.75,0.25,silent,0.642250,0.239880,0.117870
5,0.75,0.25,rational,0.642250,0.302965,0.054785
5,0.75,0.50,silent,0.389890,0.229410,0.380700
5,0.75,0.50,rational,0.389890,0.466290,0.143820
5,0.75,0.75,silent,0.133375,0.104685,0.761940
5,0.75,0.75,rational,0.133375,0.661445,0.205180
5,0.75,1.00,silent,0.000000,0.000000,1.000000
5,0.75,1.00,rational,0.000000,1.000000,0.000000
5,1.00,0.00,silent,1.000000,0.000000,0.000000
5,1.00,0.00,rational,1.000000,0.000000,0.000000
5,1.00,0.25,silent,0.835370,0.148780,0.015850
5,1.00,0.25,rational,0.835370,0.157270,0.007360
5,1.00,0.50,silent,0.563665,0.248550,0.187785
5,1.00,0.50,rational,0.563665,0.358740,0.077595
5,1.00,0.75,silent,0.212470,0.155575,0.631955
5,1.00,0.75,rational,0.212470,0.589935,0.197595
5,1.00,1.00,silent,0.000000,0.000000,1.000000
5,1.00,1.00,rational,0.000000,1.000000,0.000000
8,0.25,0.00,silent,0.355795,0.275935,0.368270
8,0.25,0.00,rational,0.355795,0.275935,0.368270
8,0.25,0.25,silent,0.241380,0.219265,0.539355
8,0.25,0.25,rational,0.241380,0.525410,0.233210
8,0.25,0.50,silent,0.129220,0.133820,0.736960
8,0.25,0.50,rational,0.129220,0.667905,0.202875
8,0.25,0.75,silent,0.038645,0.046655,0.914700
8,0.25,0.75,rational,0.038645,0.799430,0.161925
8,0.25,1.00,silent,0.000000,0.000000,1.000000
8,0.25,1.00,rational,0.000000,1.000000,0.000000
8,0.50,0.00,silent,0.722495,0.242575,0.034930
8,0.50,0.00,rational,0.722495,0.242575,0.034930
8,0.50,0.25,silent,0.565155,0.300280,0.134565
8,0.50,0.25,rational,0.565155,0.375400,0.059445
8,0.50,0.50,silent,0.355400,0.276685,0.367915
8,0.50,0.50,rational,0.355400,0.509395,0.135205
8,0.50,0.75,silent,0.129235,0.135270,0.735495
8,0.50,0.75,rational,0.129235,0.674145,0.196620
8,0.50,1.00,silent,0.000000,0.000000,1.000000
8,0.50,1.00,rational,0.000000,1.000000,0.000000
8,0.75,0.00,silent,0.905805,0.093755,0.000440
8,0.75,0.00,rational,0.905805,0.093755,0.000440
8,0.75,0.25,silent,0.780260,0.204720,0.015020
8,0.75,0.25,rational,0.780260,0.212815,0.006925
8,0.75,0.50,silent,0.564505,0.301790,0.133705
8,0.75,0.50,rational,0.564505,0.380925,0.054570
8,0.75,0.75,silent,0.241585,0.218285,0.540130
8,0.75,0.75,rational,0.241585,0.583325,0.175090
8,0.75,1.00,silent,0.000000,0.000000,1.000000
8,0.75,1.00,rational,0.000000,1.000000,0.000000
8,1.00,0.00,silent,1.000000,0.000000,0.000000
8,1.00,0.00,rational,1.000000,0.000000,0.000000
8,1.00,0.25,silent,0.904850,0.094845,0.000305
8,1.00,0.25,rational,0.904850,0.095025,0.000125
8,1.00,0.50,silent,0.719630,0.245030,0.035340
8,1.00,0.50,rational,0.719630,0.264370,0.016000
8,1.00,0.75,silent,0.356010,0.276735,0.367255
8,1.00,0.75,rational,0.356010,0.510515,0.133475
8,1.00,1.00,silent,0.000000,0.000000,1.000000
8,1.00,1.00,rational,0.000000,1.000000,0.000000
12,0.25,0.00,silent,0.510020,0.332060,0.157920
12,0.25,0.00,rational,0.510020,0.332060,0.157920
12,0.25,0.25,silent,0.373235,0.313210,0.313555
12,0.25,0.25,rational,0.373235,0.504000,0.122765
12,0.25,0.50,silent,0.221360,0.231510,0.547130
12,0.25,0.50,rational,0.221360,0.605195,0.173445
12,0.25,0.75,silent,0.074555,0.095925,0.829520
12,0.25,0.75,rational,0.074555,0.743155,0.182290
12,0.25,1.00,silent,0.000000,0.000000,1.000000
12,0.25,1.00,rational,0.000000,1.000000,0.000000
12,0.50,0.00,silent,0.818450,0.178200,0.003350
12,0.50,0.00,rational,0.818450,0.178200,0.003350
12,0.50,0.25,silent,0.702780,0.268245,0.028975
12,0.50,0.25,rational,0.702780,0.284555,0.012665
12,0.50,0.50,silent,0.509855,0.331225,0.158920
12,0.50,0.50,rational,0.509855,0.426075,0.064070
12,0.50,0.75,silent,0.221990,0.231900,0.546110
12,0.50,0.75,rational,0.221990,0.606965,0.171045
12,0.50,1.00,silent,0.000000,0.000000,1.000000
12,0.50,1.00,rational,0.000000,1.000000,0.000000
12,0.75,0.00,silent,0.939495,0.060505,0.000000
12,0.75,0.00,rational,0.939495,0.060505,0.000000
12,0.75,0.25,silent,0.858225,0.140925,0.000850
12,0.75,0.25,rational,0.858225,0.141345,0.000430
12,0.75,0.50,silent,0.704005,0.266960,0.029035
12,0.75,0.50,rational,0.704005,0.283125,0.012870
12,0.75,0.75,silent,0.373875,0.314550,0.311575
12,0.75,0.75,rational,0.373875,0.512460,0.113665
12,0.75,1.00,silent,0.000000,0.000000,1.000000
12,0.75,1.00,rational,0.000000,1.000000,0.000000
12,1.00,0.00,silent,1.000000,0.000000,0.000000
12,1.00,0.00,rational,1.000000,0.000000,0.000000
12,1.00,0.25,silent,0.938765,0.061235,0.000000
12,1.00,0.25,rational,0.938765,0.061235,0.000000
12,1.00,0.50,silent,0.817870,0.178980,0.003150
12,1.00,0.50,rational,0.817870,0.180740,0.001390
12,1.00,0.75,silent,0.510510,0.330905,0.158585
12,1.00,0.75,rational,0.510510,0.425590,0.063900
12,1.00,1.00,silent,0.000000,0.000000,1.000000
12,1.00,1.00,rational,0.000000,1.000000,0.000000
