H,p,f,q,avg_closed,avg_mc,avg_absdiff,strategic_closed,strategic_mc,strategic_absdiff
3,0.25,0.00,0.2500,0.109375,0.109350,0.000025,0.062500,0.062540,0.000040
3,0.25,0.25,0.1875,0.063721,0.063775,0.000054,0.035156,0.034970,0.000186
3,0.25,0.50,0.1250,0.029297,0.029305,0.000008,0.015625,0.015440,0.000185
3,0.25,0.75,0.0625,0.007568,0.007655,0.000087,0.003906,0.004050,0.000144
3,0.25,1.00,0.0000,0.000000,0.000000,0.000000,0.000000,0.000000,0.000000
3,0.50,0.00,0.5000,0.375000,0.375580,0.000580,0.250000,0.250105,0.000105
3,0.50,0.25,0.3750,0.228516,0.229615,0.001099,0.140625,0.141750,0.001125
3,0.50,0.50,0.2500,0.109375,0.108060,0.001315,0.062500,0.062200,0.000300
3,0.50,0.75,0.1250,0.029297,0.029155,0.000142,0.015625,0.015375,0.000250
3,0.50,1.00,0.0000,0.000000,0.000000,0.000000,0.000000,0.000000,0.000000
3,0.75,0.00,0.7500,0.703125,0.702670,0.000455,0.562500,0.562395,0.000105
3,0.75,0.25,0.5625,0.454834,0.456240,0.001406,0.316406,0.317590,0.001184
3,0.75,0.50,0.3750,0.228516,0.229000,0.000484,0.140625,0.140695,0.000070
3,0.75,0.75,0.1875,0.063721,0.063660,0.000061,0.035156,0.035160,0.000004
3,0.75,1.00,0.0000,0.000000,0.000000,0.000000,0.000000,0.000000,0.000000
3,1.00,0.00,1.0000,1.000000,1.000000,0.000000,1.000000,1.000000,0.000000
3,1.00,0.25,0.7500,0.703125,0.703075,0.000050,0.562500,0.561905,0.000595
3,1.00,0.50,0.5000,0.375000,0.374690,0.000310,0.250000,0.249740,0.000260
3,1.00,0.75,0.2500,0.109375,0.110215,0.000840,0.062500,0.063240,0.000740
3,1.00,1.00,0.0000,0.000000,0.000000,0.000000,0.000000,0.000000,0.000000
5,0.25,0.00,0.2500,0.211914,0.211770,0.000144,0.062500,0.063255,0.000755
5,0.25,0.25,0.1875,0.131673,0.130710,0.000963,0.035156,0.035055,0.000101
5,0.25,0.50,0.1250,0.064545,0.064730,0.000185,0.015625,0.015580,0.000045
5,0.25,0.75,0.0625,0.017768,0.017660,0.000108,0.003906,0.004000,0.000094
5,0.25,1.00,0.0000,0.000000,0.000000,0.000000,0.000000,0.000000,0.000000
5,0.50,0.00,0.5000,0.562500,0.565135,0.002635,0.250000,0.251420,0.001420
5,0.50,0.25,0.3750,0.389191,0.387150,0.002041,0.140625,0.139785,0.000840
5,0.50,0.50,0.2500,0.211914,0.211005,0.000909,0.062500,0.061335,0.001165
5,0.50,0.75,0.1250,0.064545,0.063805,0.000740,0.015625,0.015580,0.000045
5,0.50,1.00,0.0000,0.000000,0.000000,0.000000,0.000000,0.000000,0.000000
5,0.75,0.00,0.7500,0.834961,0.835065,0.000104,0.562500,0.562700,0.000200
5,0.75,0.25,0.5625,0.641387,0.642250,0.000863,0.316406,0.315865,0.000541
5,0.75,0.50,0.3750,0.389191,0.389890,0.000699,0.140625,0.140970,0.000345
5,0.75,0.75,0.1875,0.131673,0.133375,0.001702,0.035156,0.035180,0.000024
5,0.75,1.00,0.0000,0.000000,0.000000,0.000000,0.000000,0.000000,0.000000
5,1.00,0.00,1.0000,1.000000,1.000000,0.000000,1.000000,1.000000,0.000000
5,1.00,0.25,0.7500,0.834961,0.835370,0.000409,0.562500,0.564185,0.001685
5,1.00,0.50,0.5000,0.562500,0.563665,0.001165,0.250000,0.250725,0.000725
5,1.00,0.75,0.2500,0.211914,0.212470,0.000556,0.062500,0.061965,0.000535
5,1.00,1.00,0.0000,0.000000,0.000000,0.000000,0.000000,0.000000,0.000000
8,0.25,0.00,0.2500,0.357385,0.355795,0.001590,0.062500,0.062235,0.000265
8,0.25,0.25,0.1875,0.241245,0.241380,0.000135,0.035156,0.035385,0.000229
8,0.25,0.50,0.1250,0.129001,0.129220,0.000219,0.015625,0.015595,0.000030
8,0.25,0.75,0.0625,0.038866,0.038645,0.000221,0.003906,0.003900,0.000006
8,0.25,1.00,0.0000,0.000000,0.000000,0.000000,0.000000,0.000000,0.000000
8,0.50,0.00,0.5000,0.720424,0.722495,0.002071,0.250000,0.252145,0.002145
8,0.50,0.25,0.3750,0.564832,0.565155,0.000323,0.140625,0.139795,0.000830
8,0.50,0.50,0.2500,0.357385,0.355400,0.001985,0.062500,0.061315,0.001185
8,0.50,0.75,0.1250,0.129001,0.129235,0.000234,0.015625,0.015580,0.000045
8,0.50,1.00,0.0000,0.000000,0.000000,0.000000,0.000000,0.000000,0.000000
8,0.75,0.00,0.7500,0.904783,0.905805,0.001022,0.562500,0.564040,0.001540
8,0.75,0.25,0.5625,0.779802,0.780260,0.000458,0.316406,0.316530,0.000124
8,0.75,0.50,0.3750,0.564832,0.564505,0.000327,0.140625,0.140595,0.000030
8,0.75,0.75,0.1875,0.241245,0.241585,0.000340,0.035156,0.035920,0.000764
8,0.75,1.00,0.0000,0.000000,0.000000,0.000000,0.000000,0.000000,0.000000
8,1.00,0.00,1.0000,1.000000,1.000000,0.000000,1.000000,1.000000,0.000000
8,1.00,0.25,0.7500,0.904783,0.904850,0.000067,0.562500,0.562220,0.000280
8,1.00,0.50,0.5000,0.720424,0.719630,0.000794,0.250000,0.249000,0.001000
8,1.00,0.75,0.2500,0.357385,0.356010,0.001375,0.062500,0.062270,0.000230
8,1.00,1.00,0.0000,0.000000,0.000000,0.000000,0.000000,0.000000,0.000000
12,0.25,0.00,0.2500,0.509259,0.510020,0.000761,0.062500,0.062870,0.000370
12,0.25,0.25,0.1875,0.375156,0.373235,0.001921,0.035156,0.034990,0.000166
12,0.25,0.50,0.1250,0.221660,0.221360,0.000300,0.015625,0.015290,0.000335
12,0.25,0.75,0.0625,0.074629,0.074555,0.000074,0.003906,0.003740,0.000166
12,0.25,1.00,0.0000,0.000000,0.000000,0.000000,0.000000,0.000000,0.000000
12,0.50,0.00,0.5000,0.818515,0.818450,0.000065,0.250000,0.249580,0.000420
12,0.50,0.25,0.3750,0.702245,0.702780,0.000535,0.140625,0.141855,0.001230
12,0.50,0.50,0.2500,0.509259,0.509855,0.000596,0.062500,0.061960,0.000540
12,0.50,0.75,0.1250,0.221660,0.221990,0.000330,0.015625,0.015295,0.000330
12,0.50,1.00,0.0000,0.000000,0.000000,0.000000,0.000000,0.000000,0.000000
12,0.75,0.00,0.7500,0.939394,0.939495,0.000101,0.562500,0.563080,0.000580
12,0.75,0.25,0.5625,0.858651,0.858225,0.000426,0.316406,0.316975,0.000569
12,0.75,0.50,0.3750,0.702245,0.704005,0.001760,0.140625,0.140635,0.000010
12,0.75,0.75,0.1875,0.375156,0.373875,0.001281,0.035156,0.034870,0.000286
12,0.75,1.00,0.0000,0.000000,0.000000,0.000000,0.000000,0.000000,0.000000
12,1.00,0.00,1.0000,1.000000,1.000000,0.000000,1.000000,1.000000,0.000000
12,1.00,0.25,0.7500,0.939394,0.938765,0.000629,0.562500,0.561685,0.000815
12,1.00,0.50,0.5000,0.818515,0.817870,0.000645,0.250000,0.249920,0.000080
12,1.00,0.75,0.2500,0.509259,0.510510,0.001251,0.062500,0.063440,0.000940
12,1.00,1.00,0.0000,0.000000,0.000000,0.000000,0.000000,0.000000,0.000000
