call_seconds,frames_T,hops_Q,anchor_gas,execution_gas
30,1500,1,143667,120263
30,1500,2,143667,120263
30,1500,5,143655,120263
30,1500,8,143655,120263
30,1500,12,143667,120263
30,1500,20,143667,120263
30,1500,32,143655,120263
60,3000,1,143643,120263
60,3000,2,143667,120263
60,3000,5,143655,120263
60,3000,8,143667,120263
60,3000,12,143655,120263
60,3000,20,143667,120263
60,3000,32,143655,120263
300,15000,1,143655,120263
300,15000,2,143667,120263
300,15000,5,143667,120263
300,15000,8,143667,120263
300,15000,12,143631,120263
300,15000,20,143667,120263
300,15000,32,143667,120263
900,45000,1,143667,120263
900,45000,2,143667,120263
900,45000,5,143667,120263
900,45000,8,143667,120263
900,45000,12,143655,120263
900,45000,20,143667,120263
900,45000,32,143667,120263
1800,90000,1,143679,120263
1800,90000,2,143679,120263
1800,90000,5,143667,120263
1800,90000,8,143679,120263
1800,90000,12,143667,120263
1800,90000,20,143679,120263
1800,90000,32,143667,120263
