hops_H,participating_k,anchor_gas,attest_gas_total,call_total_gas
1,0,143643,0,143643
1,1,143655,211244,354899
2,0,143643,0,143643
2,1,143655,211244,354899
2,2,143655,405400,549055
3,0,143643,0,143643
3,1,143643,211232,354875
3,2,143655,405400,549055
3,3,143655,599556,743211
5,0,143631,0,143631
5,1,143655,211244,354899
5,2,143655,405400,549055
5,3,143655,599556,743211
5,4,143655,793712,937367
5,5,143643,987808,1131451
8,0,143643,0,143643
8,1,143655,211244,354899
8,2,143655,405400,549055
8,3,143655,599556,743211
8,4,143643,793664,937307
8,5,143655,987868,1131523
8,6,143655,1182024,1325679
8,7,143655,1376180,1519835
8,8,143643,1570240,1713883
12,0,143643,0,143643
12,1,143655,211244,354899
12,2,143655,405400,549055
12,3,143655,599556,743211
12,4,143643,793664,937307
12,5,143655,987868,1131523
12,6,143655,1182024,1325679
12,7,143655,1376180,1519835
12,8,143655,1570336,1713991
12,9,143655,1764492,1908147
12,10,143655,1958648,2102303
12,11,143655,2152804,2296459
12,12,143655,2346960,2490615
